{
  "best_val_auprc": 0.7149194255481681,
  "best_epoch": 1,
  "epochs_completed": 9,
  "val_metrics": {
    "n": 930,
    "positive_rate": 0.4881720542907715,
    "auroc": 0.7148224928738015,
    "auprc": 0.7149194255481681,
    "accuracy": 0.6602150537634408,
    "f1": 0.6342592592592593,
    "loss": 0.6784754759174282
  },
  "test_metrics": {
    "n": 1075,
    "positive_rate": 0.4530232548713684,
    "auroc": 0.7404489516545838,
    "auprc": 0.7130020223759982,
    "accuracy": 0.6837209302325581,
    "f1": 0.6443514644351465,
    "loss": 0.6480097810135168
  },
  "output_dir": "artifacts\\models\\multimodal_pneumonia_densenet121_triage_u_ignore_vitals_plus_acuity_temporal_v1",
  "tabular_preprocessor_file": "artifacts\\models\\multimodal_pneumonia_densenet121_triage_u_ignore_vitals_plus_acuity_temporal_v1\\tabular_preprocessor.joblib"
}