{
  "best_val_auprc": 0.7566338844710429,
  "best_epoch": 2,
  "epochs_completed": 10,
  "val_metrics": {
    "n": 930,
    "positive_rate": 0.4881720542907715,
    "auroc": 0.7480194721060232,
    "auprc": 0.7566338844710429,
    "accuracy": 0.6752688172043011,
    "f1": 0.633495145631068,
    "loss": 0.6261937087875301
  },
  "test_metrics": {
    "n": 1075,
    "positive_rate": 0.4530232548713684,
    "auroc": 0.7429144142256492,
    "auprc": 0.7191425113664713,
    "accuracy": 0.6930232558139535,
    "f1": 0.6325167037861915,
    "loss": 0.6305980033734265
  },
  "output_dir": "artifacts\\models\\multiseed\\concat_seed123",
  "tabular_preprocessor_file": "artifacts\\models\\multiseed\\concat_seed123\\tabular_preprocessor.joblib"
}