target,count,mean,std,min,25%,50%,75%,max
0,588.0,0.40132591503412546,0.1902900536212563,0.0487549863755703,0.2624791711568832,0.3734031021595001,0.5248434245586395,0.9553177356719972
1,487.0,0.5899693353801537,0.22471403234315976,0.0783685892820358,0.41952881217002863,0.5758635401725769,0.7884461283683777,0.98813396692276
