n,threshold,prevalence,baseline_auprc,mean_pred_prob,std_pred_prob,auroc,auprc,accuracy,precision,recall,f1,predicted_positive_rate,tn,fp,fn,tp
1075,0.5,0.4530232558139535,0.4530232558139535,0.4867857715071634,0.22675897226199287,0.7362059813658524,0.7143120481776486,0.6697674418604651,0.6441048034934498,0.6057494866529775,0.6243386243386243,0.42604651162790697,425,163,192,295
