target,count,mean,std,min,25%,50%,75%,max
0,588.0,0.47944349544217685,0.06872647774323798,0.34034035,0.427854505,0.474831955,0.52600385,0.67693317
1,487.0,0.5080719349486653,0.07541791926117113,0.345026,0.452510285,0.5061901,0.561567465,0.71556187
