n,threshold,prevalence,baseline_auprc,mean_pred_prob,std_pred_prob,auroc,auprc,accuracy,precision,recall,f1,predicted_positive_rate,tn,fp,fn,tp
1075,0.5,0.4530232558139535,0.4530232558139535,0.4924128443162791,0.07316890300521883,0.6105424716087667,0.5665216593505178,0.5786046511627907,0.5354166666666667,0.5277207392197125,0.531540847983454,0.44651162790697674,365,223,230,257
