{
  "input_rows": 16963,
  "train_rows": 13342,
  "validate_rows": 1677,
  "test_rows": 1944,
  "val_metrics": {
    "n": 1677,
    "positive_rate": 0.716159809183065,
    "auroc": 0.6527561066058397,
    "auprc": 0.8262420337777066,
    "accuracy": 0.5867620751341681,
    "f1": 0.6522829904666332
  },
  "test_metrics": {
    "n": 1944,
    "positive_rate": 0.6975308641975309,
    "auroc": 0.6220645706660246,
    "auprc": 0.7774503429378409,
    "accuracy": 0.566358024691358,
    "f1": 0.6281429201588001
  }
}