{
  "input_rows": 9137,
  "train_rows": 7132,
  "validate_rows": 930,
  "test_rows": 1075,
  "scale_pos_weight": 1.1353293413173653,
  "best_iteration": 45,
  "best_score": 0.6301550638211616,
  "val_metrics": {
    "n": 930,
    "positive_rate": 0.4881720430107527,
    "auroc": 0.6271957020693739,
    "auprc": 0.6309242100913366,
    "accuracy": 0.5752688172043011,
    "f1": 0.5596432552954292
  },
  "test_metrics": {
    "n": 1075,
    "positive_rate": 0.4530232558139535,
    "auroc": 0.6105424716087667,
    "auprc": 0.5665216593505178,
    "accuracy": 0.5786046511627907,
    "f1": 0.531540847983454
  }
}