{
  "best_val_auprc": 0.7487517035918996,
  "best_epoch": 2,
  "epochs_completed": 12,
  "val_metrics": {
    "n": 930,
    "positive_rate": 0.4881720542907715,
    "auroc": 0.7337670751119831,
    "auprc": 0.7487517035918996,
    "accuracy": 0.6741935483870968,
    "f1": 0.6282208588957056,
    "loss": 0.6359725028781568
  },
  "test_metrics": {
    "n": 1075,
    "positive_rate": 0.4530232548713684,
    "auroc": 0.7349208677310761,
    "auprc": 0.7208552020888406,
    "accuracy": 0.6753488372093023,
    "f1": 0.6020524515393386,
    "loss": 0.6351415024084204
  },
  "output_dir": "artifacts\\models\\multiseed\\image_seed456"
}