{
  "margin": 0.05,
  "bootstrap_replicates": 2000,
  "resample_unit": "patient (subject_id)",
  "concat_minus_image": {
    "n_test": 1075,
    "obs_delta": 0.006044923102711319,
    "boot_se": 0.003598815118714586,
    "p_lower": 0.0,
    "p_upper": 1.312306804046705e-34,
    "p_tost": 1.312306804046705e-34,
    "equivalent_at_05": true,
    "ci90": [
      0.00021502933987832562,
      0.011978870411354125
    ],
    "ci95": [
      -0.000997684453735592,
      0.013123881915605588
    ],
    "ci90_within_margin": true,
    "mde_80pct_power": 0.01008238723931225
  },
  "labs_minus_image": {
    "n_test": 1075,
    "obs_delta": 0.010563773764125761,
    "boot_se": 0.004215146637802752,
    "p_lower": 0.0,
    "p_upper": 4.147006647161489e-21,
    "p_tost": 4.147006647161489e-21,
    "equivalent_at_05": true,
    "ci90": [
      0.0037905800117365275,
      0.017540381474425607
    ],
    "ci95": [
      0.002327808590446684,
      0.01881682403394432
    ],
    "ci90_within_margin": true,
    "mde_80pct_power": 0.011809092512646767
  },
  "ece_bootstrap_ci": {
    "image": {
      "ece": 0.04248191179646999,
      "ci95": [
        0.03328666616644452,
        0.07694240219853057
      ]
    },
    "concat": {
      "ece": 0.03660035608258358,
      "ci95": [
        0.02794638769681248,
        0.0679561453498521
      ]
    },
    "attn": {
      "ece": 0.051487103833708636,
      "ci95": [
        0.034933026815996686,
        0.08210833961973041
      ]
    },
    "labs": {
      "ece": 0.0326940848687014,
      "ci95": [
        0.025935117123703114,
        0.0643672125863312
      ]
    }
  }
}