{
  "best_val_auprc": 0.7386789247241328,
  "best_epoch": 1,
  "epochs_completed": 9,
  "val_metrics": {
    "n": 930,
    "positive_rate": 0.4881720542907715,
    "auroc": 0.7289777144337911,
    "auprc": 0.7386789247241328,
    "accuracy": 0.6666666666666666,
    "f1": 0.6182266009852216,
    "loss": 0.6627461890042838
  },
  "test_metrics": {
    "n": 1075,
    "positive_rate": 0.4530232548713684,
    "auroc": 0.7329303384598193,
    "auprc": 0.6980686349853775,
    "accuracy": 0.6818604651162791,
    "f1": 0.5976470588235294,
    "loss": 0.6624789781430188
  },
  "output_dir": "artifacts\\models\\multiseed\\attn_seed123",
  "tabular_preprocessor_file": "artifacts\\models\\multiseed\\attn_seed123\\tabular_preprocessor.joblib"
}