{
  "best_val_auprc": 0.7493882723476178,
  "best_epoch": 1,
  "epochs_completed": 9,
  "val_metrics": {
    "n": 930,
    "positive_rate": 0.4881720542907715,
    "auroc": 0.7331886499093029,
    "auprc": 0.7493882723476178,
    "accuracy": 0.656989247311828,
    "f1": 0.5245901639344263,
    "loss": 0.726684542530674
  },
  "test_metrics": {
    "n": 1075,
    "positive_rate": 0.4530232548713684,
    "auroc": 0.7368101244604618,
    "auprc": 0.7103591446848828,
    "accuracy": 0.6669767441860465,
    "f1": 0.5095890410958904,
    "loss": 0.7089436483733794
  },
  "output_dir": "artifacts\\models\\multimodal_pneumonia_attn_fusion_u_ignore_temporal_v1",
  "tabular_preprocessor_file": "artifacts\\models\\multimodal_pneumonia_attn_fusion_u_ignore_temporal_v1\\tabular_preprocessor.joblib"
}