target,count,mean,std,min,25%,50%,75%,max
0,588.0,0.4257808245946558,0.1906709588785644,0.065149575471878,0.2801609188318252,0.38609886169433594,0.5542203634977341,0.9642128944396972
1,487.0,0.6239069140606103,0.2266031181688404,0.0773524269461631,0.4461766928434372,0.6436466574668884,0.8167268633842468,0.9934281706809998
