n,threshold,prevalence,baseline_auprc,mean_pred_prob,std_pred_prob,auroc,auprc,accuracy,precision,recall,f1,predicted_positive_rate,tn,fp,fn,tp
1075,0.5,0.4530232558139535,0.4530232558139535,0.5155365507062092,0.22976753571743933,0.7455824218804565,0.7244680263101745,0.6781395348837209,0.6407185628742516,0.6591375770020534,0.6497975708502024,0.466046511627907,408,180,166,321
