{
  "model_a_path": "artifacts/models/image_pneumonia_finetune_densenet121_u_ignore_temporal_stronger_lr_v3/test_predictions.csv",
  "n_bootstrap": 2000,
  "seed": 42,
  "model_a": {
    "point_metrics": {
      "auroc": 0.7455824218804565,
      "auprc": 0.7244680263101745
    },
    "bootstrap_summary": {
      "auroc": {
        "mean": 0.7455097047083068,
        "std": 0.015116948640954385,
        "ci_low": 0.7156213092517831,
        "ci_high": 0.774388185181732,
        "median": 0.7457842620833908
      },
      "auprc": {
        "mean": 0.7249743845899983,
        "std": 0.021290699558673947,
        "ci_low": 0.682062495576212,
        "ci_high": 0.7653995790508181,
        "median": 0.7255399841464927
      }
    },
    "skipped_bootstraps": 0,
    "n_rows": 1075,
    "n_subjects": 887
  },
  "model_b_path": "artifacts/models/clinical_xgb_u_ignore_temporal_strong_v2/test_predictions.csv",
  "model_b": {
    "point_metrics": {
      "auroc": 0.6105424716087667,
      "auprc": 0.5665216593505178
    },
    "bootstrap_summary": {
      "auroc": {
        "mean": 0.6100432624332095,
        "std": 0.017156293812978493,
        "ci_low": 0.5762399317836522,
        "ci_high": 0.6440893652175902,
        "median": 0.6100675154560706
      },
      "auprc": {
        "mean": 0.5679128237528218,
        "std": 0.024988584956358136,
        "ci_low": 0.5173207288991772,
        "ci_high": 0.6156130712303912,
        "median": 0.5682293371632161
      }
    },
    "skipped_bootstraps": 0,
    "n_rows": 1075,
    "n_subjects": 887
  },
  "delta_a_minus_b": {
    "bootstrap_summary": {
      "delta_auroc": {
        "mean": 0.13546644227509722,
        "std": 0.019731288605267558,
        "ci_low": 0.09555186177661673,
        "ci_high": 0.17390009938882198,
        "median": 0.1355993803145365,
        "p_positive": 1.0
      },
      "delta_auprc": {
        "mean": 0.1570615608371764,
        "std": 0.022895938688325367,
        "ci_low": 0.1124118301176113,
        "ci_high": 0.20165972722405165,
        "median": 0.15671158054978074,
        "p_positive": 1.0
      }
    },
    "skipped_bootstraps": 0
  }
}