{
  "best_val_auprc": 0.7462883678247121,
  "best_epoch": 2,
  "epochs_completed": 12,
  "val_metrics": {
    "n": 930,
    "positive_rate": 0.4881720542907715,
    "auroc": 0.734771221263836,
    "auprc": 0.7462883678247121,
    "accuracy": 0.6752688172043011,
    "f1": 0.6681318681318681,
    "loss": 0.6356995868480811
  },
  "test_metrics": {
    "n": 1075,
    "positive_rate": 0.4530232548713684,
    "auroc": 0.7455824218804565,
    "auprc": 0.7244680263101745,
    "accuracy": 0.6781395348837209,
    "f1": 0.6497975708502024,
    "loss": 0.6338015352101887
  },
  "output_dir": "artifacts\\models\\image_pneumonia_finetune_densenet121_u_ignore_temporal_stronger_lr_v3"
}