{
  "best_val_auprc": 0.7464342776771056,
  "best_epoch": 2,
  "epochs_completed": 12,
  "val_metrics": {
    "n": 930,
    "positive_rate": 0.4881720542907715,
    "auroc": 0.7360854033243254,
    "auprc": 0.7464342776771056,
    "accuracy": 0.6731182795698925,
    "f1": 0.6629711751662971,
    "loss": 0.6347081757197945
  },
  "test_metrics": {
    "n": 1075,
    "positive_rate": 0.4530232548713684,
    "auroc": 0.7382174635768064,
    "auprc": 0.7130494359391812,
    "accuracy": 0.6846511627906977,
    "f1": 0.6565349544072948,
    "loss": 0.6409776548252386
  },
  "output_dir": "artifacts\\models\\multiseed\\image_seed123"
}