{
  "dataset": "NIH ChestX-ray14",
  "n_images": 112120,
  "pneumonia_prevalence": 0.012763110952550838,
  "n_seeds": 5,
  "per_seed": {
    "image_seed42": {
      "n": 112120,
      "positive_rate": 0.012763110952550838,
      "auroc": 0.714062942098163,
      "auprc": 0.029180656599755064,
      "ece": 0.43726741544803643,
      "brier": 0.2678960859775543
    },
    "image_seed123": {
      "n": 112120,
      "positive_rate": 0.012763110952550838,
      "auroc": 0.7230558640703706,
      "auprc": 0.03024054904755099,
      "ece": 0.4456563927306981,
      "brier": 0.2694910764694214
    },
    "image_seed456": {
      "n": 112120,
      "positive_rate": 0.012763110952550838,
      "auroc": 0.7231931908060861,
      "auprc": 0.030146471644204014,
      "ece": 0.43755171599838105,
      "brier": 0.2599920630455017
    },
    "image_seed789": {
      "n": 112120,
      "positive_rate": 0.012763110952550838,
      "auroc": 0.7197729520359797,
      "auprc": 0.03000356394476789,
      "ece": 0.4574719355675872,
      "brier": 0.2755986154079437
    },
    "image_seed1000": {
      "n": 112120,
      "positive_rate": 0.012763110952550838,
      "auroc": 0.7281348983151774,
      "auprc": 0.032444693172459405,
      "ece": 0.437097093884282,
      "brier": 0.26938411593437195
    }
  },
  "across_seed": {
    "auroc": {
      "mean": 0.7216439694651553,
      "std": 0.0051840710989251955,
      "min": 0.714062942098163,
      "max": 0.7281348983151774,
      "values": [
        0.714062942098163,
        0.7230558640703706,
        0.7231931908060861,
        0.7197729520359797,
        0.7281348983151774
      ]
    },
    "auprc": {
      "mean": 0.03040318688174747,
      "std": 0.0012159749684372756,
      "min": 0.029180656599755064,
      "max": 0.032444693172459405,
      "values": [
        0.029180656599755064,
        0.03024054904755099,
        0.030146471644204014,
        0.03000356394476789,
        0.032444693172459405
      ]
    },
    "ece": {
      "mean": 0.44300891072579696,
      "std": 0.008858379778853743,
      "min": 0.437097093884282,
      "max": 0.4574719355675872,
      "values": [
        0.43726741544803643,
        0.4456563927306981,
        0.43755171599838105,
        0.4574719355675872,
        0.437097093884282
      ]
    },
    "brier": {
      "mean": 0.2684723913669586,
      "std": 0.005587936256988784,
      "min": 0.2599920630455017,
      "max": 0.2755986154079437,
      "values": [
        0.2678960859775543,
        0.2694910764694214,
        0.2599920630455017,
        0.2755986154079437,
        0.26938411593437195
      ]
    }
  },
  "seed_ensemble": {
    "n": 112120,
    "positive_rate": 0.012763110952550838,
    "auroc": 0.7255510666152791,
    "auprc": 0.03095717169101472,
    "ece": 0.4430089107257969,
    "brier": 0.2659495724599149
  },
  "internal_reference": {
    "image_only_auroc_mean": 0.7373,
    "note": "our MIMIC test AUROC (5 seeds)"
  }
}