{
  "input_rows": 9137,
  "train_rows": 7132,
  "validate_rows": 930,
  "test_rows": 1075,
  "val_metrics": {
    "n": 930,
    "positive_rate": 0.4881720430107527,
    "auroc": 0.5634115981194241,
    "auprc": 0.5490969892294844,
    "accuracy": 0.5483870967741935,
    "f1": 0.5070422535211268
  },
  "test_metrics": {
    "n": 1075,
    "positive_rate": 0.4530232558139535,
    "auroc": 0.5272126304320497,
    "auprc": 0.471086868609791,
    "accuracy": 0.5348837209302325,
    "f1": 0.491869918699187
  }
}