{
  "input_rows": 9137,
  "train_rows": 7132,
  "validate_rows": 930,
  "test_rows": 1075,
  "val_metrics": {
    "n": 930,
    "positive_rate": 0.4881720430107527,
    "auroc": 0.6267584126161477,
    "auprc": 0.6263659821696647,
    "accuracy": 0.5978494623655914,
    "f1": 0.5730593607305936
  },
  "test_metrics": {
    "n": 1075,
    "positive_rate": 0.4530232558139535,
    "auroc": 0.6062925170068028,
    "auprc": 0.5479741399318667,
    "accuracy": 0.5767441860465117,
    "f1": 0.5205479452054794
  }
}