{
  "best_val_auprc": 0.7532139188226306,
  "best_epoch": 1,
  "epochs_completed": 9,
  "val_metrics": {
    "n": 930,
    "positive_rate": 0.4881720542907715,
    "auroc": 0.7424712175619146,
    "auprc": 0.7532139188226306,
    "accuracy": 0.6806451612903226,
    "f1": 0.6526315789473685,
    "loss": 0.628631274578935
  },
  "test_metrics": {
    "n": 1075,
    "positive_rate": 0.4530232548713684,
    "auroc": 0.7440773023788572,
    "auprc": 0.717548803117276,
    "accuracy": 0.6911627906976744,
    "f1": 0.6452991452991453,
    "loss": 0.6311699542052606
  },
  "output_dir": "artifacts\\models\\multiseed\\concat_seed456",
  "tabular_preprocessor_file": "artifacts\\models\\multiseed\\concat_seed456\\tabular_preprocessor.joblib"
}