{
  "input_rows": 9137,
  "train_rows": 7132,
  "validate_rows": 930,
  "test_rows": 1075,
  "val_metrics": {
    "n": 930,
    "positive_rate": 0.4881720430107527,
    "auroc": 0.6208908673601599,
    "auprc": 0.6240776166021303,
    "accuracy": 0.5913978494623656,
    "f1": 0.5642201834862385
  },
  "test_metrics": {
    "n": 1075,
    "positive_rate": 0.4530232558139535,
    "auroc": 0.6065491905180964,
    "auprc": 0.5477862942441891,
    "accuracy": 0.5804651162790697,
    "f1": 0.529718456725756
  }
}