{
  "input_rows": 9137,
  "train_rows": 7132,
  "validate_rows": 930,
  "test_rows": 1075,
  "val_metrics": {
    "n": 930,
    "positive_rate": 0.4881720430107527,
    "auroc": 0.6250624699218895,
    "auprc": 0.6230172994671104,
    "accuracy": 0.5989247311827957,
    "f1": 0.5804274465691789
  },
  "test_metrics": {
    "n": 1075,
    "positive_rate": 0.4530232558139535,
    "auroc": 0.6204968640433586,
    "auprc": 0.5517165189309352,
    "accuracy": 0.6018604651162791,
    "f1": 0.5596707818930041
  }
}