{
  "n_lab_present_test": 272,
  "subcohort_n": 269,
  "subcohort_prevalence": 0.3829,
  "per_arch": {
    "image": {
      "auroc": {
        "mean": 0.7755877880453854,
        "std": 0.008663093443109391,
        "min": 0.7633056497836004,
        "max": 0.7859983623815651,
        "n": 5
      },
      "auprc": {
        "mean": 0.7121497392497254,
        "std": 0.0029402845259443766,
        "min": 0.7079790752455928,
        "max": 0.7158076038940052,
        "n": 5
      },
      "ece": {
        "mean": 0.07137528719124296,
        "std": 0.017876508191752107,
        "min": 0.04612743306115659,
        "max": 0.09532046557636067,
        "n": 5
      },
      "brier": {
        "mean": 0.18556595259249248,
        "std": 0.0024488129224539195,
        "min": 0.18171787385791816,
        "max": 0.1875237118728979,
        "n": 5
      }
    },
    "concat": {
      "auroc": {
        "mean": 0.7819043162943033,
        "std": 0.009322753488489618,
        "min": 0.7675751549888876,
        "max": 0.7916130541583811,
        "n": 5
      },
      "auprc": {
        "mean": 0.7179810485900868,
        "std": 0.012279592891831403,
        "min": 0.6988302903524659,
        "max": 0.7274197379788016,
        "n": 5
      },
      "ece": {
        "mean": 0.07556144601793538,
        "std": 0.01399663649475834,
        "min": 0.053042305169495506,
        "max": 0.08557333453769576,
        "n": 5
      },
      "brier": {
        "mean": 0.18389462789675742,
        "std": 0.004735094292930306,
        "min": 0.1791261361138168,
        "max": 0.1902553204092659,
        "n": 5
      }
    },
    "labs": {
      "auroc": {
        "mean": 0.7780910047958826,
        "std": 0.012570788344477939,
        "min": 0.7582173353608609,
        "max": 0.791554567785706,
        "n": 5
      },
      "auprc": {
        "mean": 0.7190140349175393,
        "std": 0.010783893938084835,
        "min": 0.7049544494170051,
        "max": 0.7276568836715357,
        "n": 5
      },
      "ece": {
        "mean": 0.05552615288049536,
        "std": 0.013654338302088636,
        "min": 0.04542222372550503,
        "max": 0.0736740720094801,
        "n": 5
      },
      "brier": {
        "mean": 0.18158260257103315,
        "std": 0.004310810374072837,
        "min": 0.1770670886738151,
        "max": 0.18659336935194593,
        "n": 5
      }
    }
  }
}