{
  "n_bins": 10,
  "seeds": [
    42,
    123,
    456,
    789,
    1000
  ],
  "per_arch": {
    "image": {
      "auroc": {
        "mean": 0.7373409322661303,
        "std": 0.002679295575296109,
        "min": 0.7341351324924221,
        "max": 0.740232437944377,
        "n_seeds": 5,
        "values": [
          0.7391987595859699,
          0.7382174635768064,
          0.7349208677310761,
          0.7341351324924221,
          0.740232437944377
        ]
      },
      "auprc": {
        "mean": 0.719104457974726,
        "std": 0.003968436179627683,
        "min": 0.7130494359391812,
        "max": 0.7237021542579458,
        "n_seeds": 5,
        "values": [
          0.7237021542579458,
          0.7130494359391812,
          0.7208552020888406,
          0.7179370412542239,
          0.7199784563334379
        ]
      },
      "ece": {
        "mean": 0.05312554352089417,
        "std": 0.008310456285746828,
        "min": 0.04076576985592067,
        "max": 0.06001781352037608,
        "n_seeds": 5,
        "values": [
          0.06001781352037608,
          0.05974182546831841,
          0.04076576985592067,
          0.04857923347589582,
          0.056523075283959855
        ]
      },
      "mce": {
        "mean": 0.29760124649490793,
        "std": 0.3480088773390219,
        "min": 0.12439132779836648,
        "max": 0.9198059216141701,
        "n_seeds": 5,
        "values": [
          0.14040050558421913,
          0.15457081027550268,
          0.9198059216141701,
          0.1488376672022811,
          0.12439132779836648
        ]
      },
      "brier": {
        "mean": 0.20669532370035873,
        "std": 0.0010336021636671866,
        "min": 0.20557980658391264,
        "max": 0.20817887748438513,
        "n_seeds": 5,
        "values": [
          0.20599644711295595,
          0.20817887748438513,
          0.20557980658391264,
          0.20723814759047796,
          0.20648333973006192
        ]
      },
      "mean_pred_prob": {
        "mean": 0.4845117100380188,
        "std": 0.01468829082645376,
        "min": 0.46733587288579276,
        "max": 0.5029221343786218,
        "n_seeds": 5,
        "values": [
          0.47243436014236406,
          0.5029221343786218,
          0.46733587288579276,
          0.4934248897294666,
          0.4864412930538488
        ]
      }
    },
    "concat": {
      "auroc": {
        "mean": 0.7409993155373031,
        "std": 0.006188049101990964,
        "min": 0.7336217854698348,
        "max": 0.7486240902932014,
        "n_seeds": 5,
        "values": [
          0.7357589853189737,
          0.7429144142256492,
          0.7440773023788572,
          0.7486240902932014,
          0.7336217854698348
        ]
      },
      "auprc": {
        "mean": 0.715447429825567,
        "std": 0.005243498885179158,
        "min": 0.7071080634388889,
        "max": 0.7198115780875795,
        "n_seeds": 5,
        "values": [
          0.713626193117619,
          0.7191425113664713,
          0.717548803117276,
          0.7198115780875795,
          0.7071080634388889
        ]
      },
      "ece": {
        "mean": 0.04041666862437891,
        "std": 0.013578739408576223,
        "min": 0.022933391346487877,
        "max": 0.055691201655670666,
        "n_seeds": 5,
        "values": [
          0.055691201655670666,
          0.022933391346487877,
          0.03532878250923269,
          0.052610313511172,
          0.03551965409933134
        ]
      },
      "mce": {
        "mean": 0.09777551965675887,
        "std": 0.03069391393009587,
        "min": 0.061980264527457085,
        "max": 0.13041476905345917,
        "n_seeds": 5,
        "values": [
          0.12957947931171943,
          0.061980264527457085,
          0.08345582857728001,
          0.13041476905345917,
          0.08344725681387866
        ]
      },
      "brier": {
        "mean": 0.20498526062372863,
        "std": 0.0024255956524962988,
        "min": 0.20301555361138285,
        "max": 0.20792481302947444,
        "n_seeds": 5,
        "values": [
          0.2073306332419108,
          0.20301555361138285,
          0.20323482094750203,
          0.2034204822883729,
          0.20792481302947444
        ]
      },
      "mean_pred_prob": {
        "mean": 0.4808289235968923,
        "std": 0.010409209308478218,
        "min": 0.4641520613293315,
        "max": 0.48966240938666256,
        "n_seeds": 5,
        "values": [
          0.48966240938666256,
          0.4641520613293315,
          0.47759767606161363,
          0.48470886746811315,
          0.48802360373874043
        ]
      }
    },
    "labs": {
      "auroc": {
        "mean": 0.7466496249423794,
        "std": 0.003483624107953601,
        "min": 0.7410845241587396,
        "max": 0.7500384137227786,
        "n_seeds": 5,
        "values": [
          0.7410845241587396,
          0.7500384137227786,
          0.7491025157496264,
          0.7463821257455755,
          0.7466405453351772
        ]
      },
      "auprc": {
        "mean": 0.7237039849302593,
        "std": 0.0037235376194240653,
        "min": 0.7175634590620156,
        "max": 0.7272624149853342,
        "n_seeds": 5,
        "values": [
          0.7175634590620156,
          0.7272624149853342,
          0.725911521828631,
          0.7236200809906411,
          0.7241624477846746
        ]
      },
      "ece": {
        "mean": 0.042733880895341546,
        "std": 0.011054360722618038,
        "min": 0.025655324881853046,
        "max": 0.05644507153089656,
        "n_seeds": 5,
        "values": [
          0.05644507153089656,
          0.025655324881853046,
          0.04299461531084636,
          0.04574118733059529,
          0.042833205422516486
        ]
      },
      "mce": {
        "mean": 0.11916839348950385,
        "std": 0.04375569569916043,
        "min": 0.08424188072482741,
        "max": 0.19420650939351508,
        "n_seeds": 5,
        "values": [
          0.19420650939351508,
          0.08424188072482741,
          0.10632401617134325,
          0.09389573720193678,
          0.11717382395589682
        ]
      },
      "brier": {
        "mean": 0.20330182760557208,
        "std": 0.00199613407634677,
        "min": 0.20094081702770145,
        "max": 0.20636872502162637,
        "n_seeds": 5,
        "values": [
          0.20636872502162637,
          0.20094081702770145,
          0.20234791452736295,
          0.20333292779606313,
          0.20351875365510644
        ]
      },
      "mean_pred_prob": {
        "mean": 0.4698376256617349,
        "std": 0.020607946156427116,
        "min": 0.446053311503384,
        "max": 0.49225507691502574,
        "n_seeds": 5,
        "values": [
          0.4829404425898264,
          0.4779332430764686,
          0.45000605422396994,
          0.49225507691502574,
          0.446053311503384
        ]
      }
    }
  },
  "paired_vs_image": {
    "concat": {
      "delta_auroc": {
        "mean": 0.003658383271172938,
        "std": 0.008724182932552817,
        "min": -0.006610652474542178,
        "max": 0.0144889578007793,
        "n_seeds": 5,
        "values": [
          -0.003439774266996265,
          0.00469695064884279,
          0.009156434647781042,
          0.0144889578007793,
          -0.006610652474542178
        ],
        "frac_seeds_favoring_fusion": 0.6
      },
      "delta_auprc": {
        "mean": -0.0036570281491589583,
        "std": 0.007935276655607962,
        "min": -0.012870392894549054,
        "max": 0.0060930754272900955,
        "n_seeds": 5,
        "values": [
          -0.010075961140326828,
          0.0060930754272900955,
          -0.0033063989715645947,
          0.001874536833355589,
          -0.012870392894549054
        ],
        "frac_seeds_favoring_fusion": 0.4
      },
      "delta_ece": {
        "mean": -0.012708874896515255,
        "std": 0.016224649658546707,
        "min": -0.03680843412183053,
        "max": 0.004031080035276177,