{
  "n_bins": 10,
  "seeds": [
    42,
    123,
    456,
    789,
    1000
  ],
  "per_arch": {
    "image": {
      "auroc": {
        "mean": 0.7373409322661303,
        "std": 0.002679295575296109,
        "min": 0.7341351324924221,
        "max": 0.740232437944377,
        "n_seeds": 5,
        "values": [
          0.7391987595859699,
          0.7382174635768064,
          0.7349208677310761,
          0.7341351324924221,
          0.740232437944377
        ]
      },
      "auprc": {
        "mean": 0.719104457974726,
        "std": 0.003968436179627683,
        "min": 0.7130494359391812,
        "max": 0.7237021542579458,
        "n_seeds": 5,
        "values": [
          0.7237021542579458,
          0.7130494359391812,
          0.7208552020888406,
          0.7179370412542239,
          0.7199784563334379
        ]
      },
      "ece": {
        "mean": 0.05312554352089417,
        "std": 0.008310456285746828,
        "min": 0.04076576985592067,
        "max": 0.06001781352037608,
        "n_seeds": 5,
        "values": [
          0.06001781352037608,
          0.05974182546831841,
          0.04076576985592067,
          0.04857923347589582,
          0.056523075283959855
        ]
      },
      "mce": {
        "mean": 0.29760124649490793,
        "std": 0.3480088773390219,
        "min": 0.12439132779836648,
        "max": 0.9198059216141701,
        "n_seeds": 5,
        "values": [
          0.14040050558421913,
          0.15457081027550268,
          0.9198059216141701,
          0.1488376672022811,
          0.12439132779836648
        ]
      },
      "brier": {
        "mean": 0.20669532370035873,
        "std": 0.0010336021636671866,
        "min": 0.20557980658391264,
        "max": 0.20817887748438513,
        "n_seeds": 5,
        "values": [
          0.20599644711295595,
          0.20817887748438513,
          0.20557980658391264,
          0.20723814759047796,
          0.20648333973006192
        ]
      },
      "mean_pred_prob": {
        "mean": 0.4845117100380188,
        "std": 0.01468829082645376,
        "min": 0.46733587288579276,
        "max": 0.5029221343786218,
        "n_seeds": 5,
        "values": [
          0.47243436014236406,
          0.5029221343786218,
          0.46733587288579276,
          0.4934248897294666,
          0.4864412930538488
        ]
      }
    },
    "labs": {
      "auroc": {
        "mean": 0.7466496249423794,
        "std": 0.003483624107953601,
        "min": 0.7410845241587396,
        "max": 0.7500384137227786,
        "n_seeds": 5,
        "values": [
          0.7410845241587396,
          0.7500384137227786,
          0.7491025157496264,
          0.7463821257455755,
          0.7466405453351772
        ]
      },
      "auprc": {
        "mean": 0.7237039849302593,
        "std": 0.0037235376194240653,
        "min": 0.7175634590620156,
        "max": 0.7272624149853342,
        "n_seeds": 5,
        "values": [
          0.7175634590620156,
          0.7272624149853342,
          0.725911521828631,
          0.7236200809906411,
          0.7241624477846746
        ]
      },
      "ece": {
        "mean": 0.042733880895341546,
        "std": 0.011054360722618038,
        "min": 0.025655324881853046,
        "max": 0.05644507153089656,
        "n_seeds": 5,
        "values": [
          0.05644507153089656,
          0.025655324881853046,
          0.04299461531084636,
          0.04574118733059529,
          0.042833205422516486
        ]
      },
      "mce": {
        "mean": 0.11916839348950385,
        "std": 0.04375569569916043,
        "min": 0.08424188072482741,
        "max": 0.19420650939351508,
        "n_seeds": 5,
        "values": [
          0.19420650939351508,
          0.08424188072482741,
          0.10632401617134325,
          0.09389573720193678,
          0.11717382395589682
        ]
      },
      "brier": {
        "mean": 0.20330182760557208,
        "std": 0.00199613407634677,
        "min": 0.20094081702770145,
        "max": 0.20636872502162637,
        "n_seeds": 5,
        "values": [
          0.20636872502162637,
          0.20094081702770145,
          0.20234791452736295,
          0.20333292779606313,
          0.20351875365510644
        ]
      },
      "mean_pred_prob": {
        "mean": 0.4698376256617349,
        "std": 0.020607946156427116,
        "min": 0.446053311503384,
        "max": 0.49225507691502574,
        "n_seeds": 5,
        "values": [
          0.4829404425898264,
          0.4779332430764686,
          0.45000605422396994,
          0.49225507691502574,
          0.446053311503384
        ]
      }
    },
    "labflags": {
      "auroc": {
        "mean": 0.7465888614172568,
        "std": 0.005362079634780787,
        "min": 0.7387692243221724,
        "max": 0.7525841958960175,
        "n_seeds": 5,
        "values": [
          0.7503946136976352,
          0.7464554610345164,
          0.7447408121359427,
          0.7525841958960175,
          0.7387692243221724
        ]
      },
      "auprc": {
        "mean": 0.724512523996024,
        "std": 0.005688233757081055,
        "min": 0.7171162675766868,
        "max": 0.7324533463530838,
        "n_seeds": 5,
        "values": [
          0.7244335969206349,
          0.7218767787320929,
          0.7266826303976213,
          0.7324533463530838,
          0.7171162675766868
        ]
      },
      "ece": {
        "mean": 0.04754613442718983,
        "std": 0.011708577094073053,
        "min": 0.036823840335358037,
        "max": 0.06644452530804068,
        "n_seeds": 5,
        "values": [
          0.04067582585090814,
          0.036823840335358037,
          0.05064774830674017,
          0.06644452530804068,
          0.04313873233490212
        ]
      },
      "mce": {
        "mean": 0.15414162533985876,
        "std": 0.030216157893309423,
        "min": 0.10403500242931085,
        "max": 0.17991354217131936,
        "n_seeds": 5,
        "values": [
          0.1704018689409087,
          0.14868661130850136,
          0.10403500242931085,
          0.1676711018492535,
          0.17991354217131936
        ]
      },
      "brier": {
        "mean": 0.20347821974209723,
        "std": 0.0010897769009192016,
        "min": 0.2021821213686068,
        "max": 0.2050437053784859,
        "n_seeds": 5,
        "values": [
          0.20282740457629295,
          0.2021821213686068,
          0.20391746387381612,
          0.20342040351328453,
          0.2050437053784859
        ]
      },
      "mean_pred_prob": {
        "mean": 0.47721628266191757,
        "std": 0.01901377980543756,
        "min": 0.4546199689008469,
        "max": 0.5035949406928795,
        "n_seeds": 5,
        "values": [
          0.47233349650405176,
          0.46739295050155283,
          0.5035949406928795,
          0.48814005671025706,
          0.4546199689008469
        ]
      }
    }
  },
  "paired_vs_image": {
    "labs": {
      "delta_auroc": {
        "mean": 0.009308692676249142,
        "std": 0.005054799656516171,
        "min": 0.001885764572769677,
        "max": 0.014181648018550264,
        "n_seeds": 5,
        "values": [
          0.001885764572769677,
          0.011820950145972176,
          0.014181648018550264,
          0.012246993253153371,
          0.006408107390800222
        ],
        "frac_seeds_favoring_fusion": 1.0
      },
      "delta_auprc": {
        "mean": 0.004599526955533406,
        "std": 0.007233311921627611,
        "min": -0.006138695195930244,
        "max": 0.01421297904615293,
        "n_seeds": 5,
        "values": [
          -0.006138695195930244,
          0.01421297904615293,
          0.005056319739790371,
          0.005683039736417261,
          0.004183991451236713
        ],
        "frac_seeds_favoring_fusion": 0.8
      },
      "delta_ece": {
        "mean": -0.010391662625552618,
        "std": 0.014449528900158057,
        "min": -0.03408650058646537,
        "max": 0.0022288454549256945,