{
  "sensitivities": [
    0.9,
    0.95
  ],
  "per_arch": {
    "image": {
      "sens_0.90": {
        "specificity": {
          "mean": 0.30952380952380953,
          "std": 0.009916584855179093,
          "min": 0.2925170068027211,
          "max": 0.31802721088435376,
          "n": 5
        },
        "ppv": {
          "mean": 0.5195462744830616,
          "std": 0.003559043303951347,
          "min": 0.5134502923976608,
          "max": 0.5226190476190476,
          "n": 5
        },
        "npv": {
          "mean": 0.7911939726787686,
          "std": 0.005442787660521727,
          "min": 0.7818181818181819,
          "max": 0.7957446808510639,
          "n": 5
        },
        "threshold": {
          "mean": 0.26885055005550385,
          "std": 0.017708841654131266,
          "min": 0.2464780956506729,
          "max": 0.2850962579250335,
          "n": 5
        }
      },
      "sens_0.95": {
        "specificity": {
          "mean": 0.17278911564625848,
          "std": 0.015980965933106817,
          "min": 0.14965986394557823,
          "max": 0.18877551020408162,
          "n": 5
        },
        "ppv": {
          "mean": 0.48771452528272874,
          "std": 0.004811654084723465,
          "min": 0.48078920041536866,
          "max": 0.4925531914893617,
          "n": 5
        },
        "npv": {
          "mean": 0.8080323384016562,
          "std": 0.01481011493018431,
          "min": 0.7857142857142857,
          "max": 0.8222222222222222,
          "n": 5
        },
        "threshold": {
          "mean": 0.21604428589344024,
          "std": 0.02354379802529781,
          "min": 0.1913725584745407,
          "max": 0.2468755543231964,
          "n": 5
        }
      }
    },
    "concat": {
      "sens_0.90": {
        "specificity": {
          "mean": 0.322108843537415,
          "std": 0.01978206261713652,
          "min": 0.304421768707483,
          "max": 0.35034013605442177,
          "n": 5
        },
        "ppv": {
          "mean": 0.5241979657013145,
          "std": 0.00733093569772252,
          "min": 0.5176886792452831,
          "max": 0.5347137637028014,
          "n": 5
        },
        "npv": {
          "mean": 0.7974295943166424,
          "std": 0.00969780809206179,
          "min": 0.788546255506608,
          "max": 0.8110236220472441,
          "n": 5
        },
        "threshold": {
          "mean": 0.2798128485679626,
          "std": 0.022556898319727067,
          "min": 0.2531832754611969,
          "max": 0.3145818412303924,
          "n": 5
        }
      },
      "sens_0.95": {
        "specificity": {
          "mean": 0.17891156462585034,
          "std": 0.00957529813623078,
          "min": 0.1683673469387755,
          "max": 0.19387755102040816,
          "n": 5
        },
        "ppv": {
          "mean": 0.4895465974090764,
          "std": 0.002924369746461633,
          "min": 0.48634453781512604,
          "max": 0.49413020277481323,
          "n": 5
        },
        "npv": {
          "mean": 0.8139653837165488,
          "std": 0.007925498798942467,
          "min": 0.8048780487804879,
          "max": 0.8260869565217391,
          "n": 5
        },
        "threshold": {
          "mean": 0.21966829299926754,
          "std": 0.023635318611401505,
          "min": 0.1959464699029922,
          "max": 0.2508558928966522,
          "n": 5
        }
      }
    }
  }
}