seed,delta_auroc,delta_auprc,delta_ece,delta_brier
42,-0.003439774266996265,-0.010075961140326828,-0.0043266118647054125,0.0013341861289548618
123,0.00469695064884279,0.0060930754272900955,-0.03680843412183053,-0.005163323873002279
456,0.009156434647781042,-0.0033063989715645947,-0.005436987346687981,-0.0023449856364106125
789,0.0144889578007793,0.001874536833355589,0.004031080035276177,-0.003817665302105061
1000,-0.006610652474542178,-0.012870392894549054,-0.021003421184628515,0.0014414732994125212
