{
  "input_rows": 9137,
  "train_rows": 7132,
  "validate_rows": 930,
  "test_rows": 1075,
  "scale_pos_weight": 1.1353293413173653,
  "best_iteration": 10,
  "best_score": 0.6320300125593047,
  "val_metrics": {
    "n": 930,
    "positive_rate": 0.4881720430107527,
    "auroc": 0.6244678488135342,
    "auprc": 0.6317195196285098,
    "accuracy": 0.5956989247311828,
    "f1": 0.5859030837004405
  },
  "test_metrics": {
    "n": 1075,
    "positive_rate": 0.4530232558139535,
    "auroc": 0.6127495145902304,
    "auprc": 0.5549052589269504,
    "accuracy": 0.5934883720930233,
    "f1": 0.5572441742654508
  }
}