{
  "input_rows": 16963,
  "train_rows": 13342,
  "validate_rows": 1677,
  "test_rows": 1944,
  "scale_pos_weight": 0.3970680628272251,
  "best_iteration": 54,
  "best_score": 0.8245784739042749,
  "val_metrics": {
    "n": 1677,
    "positive_rate": 0.716159809183065,
    "auroc": 0.657465942247007,
    "auprc": 0.8245309712730204,
    "accuracy": 0.5974955277280859,
    "f1": 0.6705710102489019
  },
  "test_metrics": {
    "n": 1944,
    "positive_rate": 0.6975308641975309,
    "auroc": 0.6228152027772762,
    "auprc": 0.7830662124497165,
    "accuracy": 0.5684156378600823,
    "f1": 0.6394499355393211
  }
}