{
  "n_models": 4,
  "n_samples": 1075,
  "prevalence": 0.4530232558139535,
  "dca_thresholds": {
    "min": 0.01,
    "max": 0.99,
    "n_thresholds": 99
  },
  "threshold_metrics_requested": [
    0.1,
    0.2,
    0.3,
    0.5,
    0.8
  ],
  "models": {
    "Clinical Logistic strong_v2": {
      "predictions_file": "artifacts\\models\\clinical_baseline_u_ignore_temporal_strong_v2\\test_predictions.csv",
      "n": 1075,
      "positive_rate": 0.4530232558139535,
      "mean_pred_prob": 0.49049101122161404,
      "threshold_metrics": [
        {
          "threshold": 0.1,
          "prevalence": 0.4530232558139535,
          "n": 1075,
          "tp": 487,
          "fp": 588,
          "tn": 0,
          "fn": 0,
          "sensitivity": 1.0,
          "specificity": 0.0,
          "ppv": 0.4530232558139535,
          "npv": NaN,
          "predicted_positive_rate": 1.0,
          "predicted_negative_rate": 0.0,
          "net_benefit": 0.3922480620155039,
          "standardized_net_benefit": 0.8658453114305271
        },
        {
          "threshold": 0.2,
          "prevalence": 0.4530232558139535,
          "n": 1075,
          "tp": 487,
          "fp": 588,
          "tn": 0,
          "fn": 0,
          "sensitivity": 1.0,
          "specificity": 0.0,
          "ppv": 0.4530232558139535,
          "npv": NaN,
          "predicted_positive_rate": 1.0,
          "predicted_negative_rate": 0.0,
          "net_benefit": 0.31627906976744186,
          "standardized_net_benefit": 0.6981519507186859
        },
        {
          "threshold": 0.3,
          "prevalence": 0.4530232558139535,
          "n": 1075,
          "tp": 484,
          "fp": 576,
          "tn": 12,
          "fn": 3,
          "sensitivity": 0.9938398357289527,
          "specificity": 0.02040816326530612,
          "ppv": 0.45660377358490567,
          "npv": 0.8,
          "predicted_positive_rate": 0.986046511627907,
          "predicted_negative_rate": 0.013953488372093023,
          "net_benefit": 0.22059800664451826,
          "standardized_net_benefit": 0.48694631856849513
        },
        {
          "threshold": 0.5,
          "prevalence": 0.4530232558139535,
          "n": 1075,
          "tp": 247,
          "fp": 215,
          "tn": 373,
          "fn": 240,
          "sensitivity": 0.5071868583162218,
          "specificity": 0.6343537414965986,
          "ppv": 0.5346320346320347,
          "npv": 0.6084828711256117,
          "predicted_positive_rate": 0.4297674418604651,
          "predicted_negative_rate": 0.5702325581395349,
          "net_benefit": 0.029767441860465094,
          "standardized_net_benefit": 0.06570841889117038
        },
        {
          "threshold": 0.8,
          "prevalence": 0.4530232558139535,
          "n": 1075,
          "tp": 9,
          "fp": 8,
          "tn": 580,
          "fn": 478,
          "sensitivity": 0.018480492813141684,
          "specificity": 0.9863945578231292,
          "ppv": 0.5294117647058824,
          "npv": 0.5482041587901701,
          "predicted_positive_rate": 0.01581395348837209,
          "predicted_negative_rate": 0.9841860465116279,
          "net_benefit": -0.02139534883720931,
          "standardized_net_benefit": -0.04722792607802877
        }
      ]
    },
    "Clinical XGBoost strong_v2": {
      "predictions_file": "artifacts\\models\\clinical_xgb_u_ignore_temporal_strong_v2\\test_predictions.csv",
      "n": 1075,
      "positive_rate": 0.4530232558139535,
      "mean_pred_prob": 0.4924128443162791,
      "threshold_metrics": [
        {
          "threshold": 0.1,
          "prevalence": 0.4530232558139535,
          "n": 1075,
          "tp": 487,
          "fp": 588,
          "tn": 0,
          "fn": 0,
          "sensitivity": 1.0,
          "specificity": 0.0,
          "ppv": 0.4530232558139535,
          "npv": NaN,
          "predicted_positive_rate": 1.0,
          "predicted_negative_rate": 0.0,
          "net_benefit": 0.3922480620155039,
          "standardized_net_benefit": 0.8658453114305271
        },
        {
          "threshold": 0.2,
          "prevalence": 0.4530232558139535,
          "n": 1075,
          "tp": 487,
          "fp": 588,
          "tn": 0,
          "fn": 0,
          "sensitivity": 1.0,
          "specificity": 0.0,
          "ppv": 0.4530232558139535,
          "npv": NaN,
          "predicted_positive_rate": 1.0,
          "predicted_negative_rate": 0.0,
          "net_benefit": 0.31627906976744186,
          "standardized_net_benefit": 0.6981519507186859
        },
        {
          "threshold": 0.3,
          "prevalence": 0.4530232558139535,
          "n": 1075,
          "tp": 487,
          "fp": 588,
          "tn": 0,
          "fn": 0,
          "sensitivity": 1.0,
          "specificity": 0.0,
          "ppv": 0.4530232558139535,
          "npv": NaN,
          "predicted_positive_rate": 1.0,
          "predicted_negative_rate": 0.0,
          "net_benefit": 0.21860465116279068,
          "standardized_net_benefit": 0.48254620123203285
        },
        {
          "threshold": 0.5,
          "prevalence": 0.4530232558139535,
          "n": 1075,
          "tp": 257,
          "fp": 223,
          "tn": 365,
          "fn": 230,
          "sensitivity": 0.5277207392197125,
          "specificity": 0.6207482993197279,
          "ppv": 0.5354166666666667,
          "npv": 0.6134453781512605,
          "predicted_positive_rate": 0.44651162790697674,
          "predicted_negative_rate": 0.5534883720930233,
          "net_benefit": 0.03162790697674417,
          "standardized_net_benefit": 0.06981519507186855
        },
        {
          "threshold": 0.8,
          "prevalence": 0.4530232558139535,
          "n": 1075,
          "tp": 0,
          "fp": 0,
          "tn": 588,
          "fn": 487,
          "sensitivity": 0.0,
          "specificity": 1.0,
          "ppv": NaN,
          "npv": 0.5469767441860465,
          "predicted_positive_rate": 0.0,
          "predicted_negative_rate": 1.0,
          "net_benefit": 0.0,
          "standardized_net_benefit": 0.0
        }
      ]
    },
    "Image stronger_lr_v3": {
      "predictions_file": "artifacts\\models\\image_pneumonia_finetune_densenet121_u_ignore_temporal_stronger_lr_v3\\test_predictions.csv",
      "n": 1075,
      "positive_rate": 0.4530232558139535,
      "mean_pred_prob": 0.5155365507062092,
      "threshold_metrics": [
        {
          "threshold": 0.1,
          "prevalence": 0.4530232558139535,
          "n": 1075,
          "tp": 486,
          "fp": 584,
          "tn": 4,
          "fn": 1,
          "sensitivity": 0.997946611909651,
          "specificity": 0.006802721088435374,
          "ppv": 0.4542056074766355,
          "npv": 0.8,
          "predicted_positive_rate": 0.9953488372093023,
          "predicted_negative_rate": 0.004651162790697674,
          "net_benefit": 0.3917312661498708,
          "standardized_net_benefit": 0.864704540269222
        },
        {
          "threshold": 0.2,
          "prevalence": 0.4530232558139535,
          "n": 1075,
          "tp": 474,
          "fp": 536,
          "tn": 52,
          "fn": 13,
          "sensitivity": 0.973305954825462,
          "specificity": 0.08843537414965986,
          "ppv": 0.4693069306930693,
          "npv": 0.8,
          "predicted_positive_rate": 0.9395348837209302,
          "predicted_negative_rate": 0.06046511627906977,
          "net_benefit": 0.31627906976744186,
          "standardized_net_benefit": 0.6981519507186859
        },
        {
          "threshold": 0.3,
          "prevalence": 0.4530232558139535,
          "n": 1075,
          "tp": 449,
          "fp": 416,
          "tn": 172,
          "fn": 38,
          "sensitivity": 0.9219712525667351,
          "specificity": 0.2925170068027211,
          "ppv": 0.5190751445086705,
          "npv": 0.819047619047619,
          "predicted_positive_rate": 0.8046511627906977,