{
  "best_val_auprc": 0.7413049754763137,
  "best_epoch": 2,
  "epochs_completed": 12,
  "val_metrics": {
    "n": 930,
    "positive_rate": 0.4881720542907715,
    "auroc": 0.7312867878428906,
    "auprc": 0.7413049754763137,
    "accuracy": 0.6752688172043011,
    "f1": 0.6463700234192038,
    "loss": 0.6368003916942467
  },
  "test_metrics": {
    "n": 1075,
    "positive_rate": 0.4530232548713684,
    "auroc": 0.7341351324924221,
    "auprc": 0.7179370412542239,
    "accuracy": 0.6706976744186046,
    "f1": 0.6281512605042017,
    "loss": 0.6367896335089908
  },
  "output_dir": "artifacts\\models\\multiseed\\image_seed789"
}