{
  "best_val_auprc": 0.7181493615595792,
  "best_epoch": 1,
  "epochs_completed": 9,
  "val_metrics": {
    "n": 930,
    "positive_rate": 0.4881720542907715,
    "auroc": 0.7060350571946841,
    "auprc": 0.7181493615595792,
    "accuracy": 0.6397849462365591,
    "f1": 0.6492146596858639,
    "loss": 0.6955249390359652
  },
  "test_metrics": {
    "n": 1075,
    "positive_rate": 0.4530232548713684,
    "auroc": 0.7165800611825839,
    "auprc": 0.6973546025589209,
    "accuracy": 0.6455813953488372,
    "f1": 0.6297376093294461,
    "loss": 0.684074135387645
  },
  "output_dir": "artifacts\\models\\multimodal_pneumonia_densenet121_triage_u_ignore_no_missing_flags_temporal_v1",
  "tabular_preprocessor_file": "artifacts\\models\\multimodal_pneumonia_densenet121_triage_u_ignore_no_missing_flags_temporal_v1\\tabular_preprocessor.joblib"
}