{
  "input_rows": 9137,
  "train_rows": 7132,
  "validate_rows": 930,
  "test_rows": 1075,
  "scale_pos_weight": 1.1353293413173653,
  "best_iteration": 48,
  "best_score": 0.6301101227374394,
  "val_metrics": {
    "n": 930,
    "positive_rate": 0.4881720430107527,
    "auroc": 0.6240375004627401,
    "auprc": 0.6308911005571569,
    "accuracy": 0.5709677419354838,
    "f1": 0.5581395348837209
  },
  "test_metrics": {
    "n": 1075,
    "positive_rate": 0.4530232558139535,
    "auroc": 0.6131144449566274,
    "auprc": 0.5673323831837354,
    "accuracy": 0.5925581395348837,
    "f1": 0.5484536082474227
  }
}