model_name,predictions_file,n,positive_rate,mean_pred_prob,brier_score,ece,mce,brier_ci_low,brier_ci_high,ece_ci_low,ece_ci_high
Clinical Logistic strong_v2,artifacts\models\clinical_baseline_u_ignore_temporal_strong_v2\test_predictions.csv,1075,0.4530232558139535,0.49049101122161404,0.2422399144852579,0.03746775540766057,0.4888774142933826,0.2356938230698796,0.24912445502239938,0.022935921341670655,0.06865093539911815
Clinical XGB strong_v2,artifacts\models\clinical_xgb_u_ignore_temporal_strong_v2\test_predictions.csv,1075,0.4530232558139535,0.4924128443162791,0.2405105491123096,0.04602061266976742,0.28860111499999996,0.23622433943144514,0.2449158713052029,0.02083843655697669,0.07495407097209297
Image stronger_lr_v3,artifacts\models\image_pneumonia_finetune_densenet121_u_ignore_temporal_stronger_lr_v3\test_predictions.csv,1075,0.4530232558139535,0.5155365507062092,0.2063056283325257,0.06735261101362316,0.1651922317884736,0.19484493342059997,0.21752672175509358,0.050746011882847136,0.0962283274843249
Multimodal stronger_lr_v3,artifacts\models\multimodal_pneumonia_densenet121_triage_u_ignore_temporal_stronger_lr_v3\test_predictions.csv,1075,0.4530232558139535,0.4867857715071634,0.20686361636847,0.04034054008334182,0.13100612232851427,0.1959735764158624,0.21757103591602542,0.03188740681744245,0.07387384917266493
