{
  "n_bins": 10,
  "bootstrap": true,
  "n_bootstrap": 2000,
  "bootstrap_seed": 42,
  "models": {
    "Image": {
      "predictions_file": "artifacts\\models\\image_pneumonia_finetune_densenet121_u_ignore_temporal_stronger_lr_v3\\test_predictions.csv",
      "n": 1075,
      "n_patients": 887,
      "positive_rate": 0.4530232558139535,
      "mean_pred_prob": 0.5155365507062092,
      "brier_score": 0.2063056283325257,
      "ece": 0.06735261101362316,
      "mce": 0.1651922317884736,
      "n_bins": 10,
      "bootstrap_level": "patient",
      "brier_score_bootstrap": {
        "mean": 0.2063054675273854,
        "ci_low": 0.19487731347983986,
        "ci_high": 0.21767078669813353
      },
      "ece_bootstrap": {
        "mean": 0.07249439392660421,
        "ci_low": 0.04888447340778319,
        "ci_high": 0.098045721579259
      }
    },
    "Multimodal": {
      "predictions_file": "artifacts\\models\\multimodal_pneumonia_densenet121_triage_u_ignore_temporal_stronger_lr_v3\\test_predictions.csv",
      "n": 1075,
      "n_patients": 887,
      "positive_rate": 0.4530232558139535,
      "mean_pred_prob": 0.4867857715071634,
      "brier_score": 0.20686361636847,
      "ece": 0.04034054008334182,
      "mce": 0.13100612232851427,
      "n_bins": 10,
      "bootstrap_level": "patient",
      "brier_score_bootstrap": {
        "mean": 0.20680288513349168,
        "ci_low": 0.1956323213861885,
        "ci_high": 0.21792121422298644
      },
      "ece_bootstrap": {
        "mean": 0.05144977615373877,
        "ci_low": 0.03155512478833137,
        "ci_high": 0.07341358602576348
      }
    },
    "Attention Fusion": {
      "predictions_file": "artifacts\\models\\multimodal_pneumonia_attn_fusion_u_ignore_temporal_v1\\test_predictions.csv",
      "n": 1075,
      "n_patients": 887,
      "positive_rate": 0.4530232558139535,
      "mean_pred_prob": 0.3347818323519341,
      "brier_score": 0.2237598511044562,
      "ece": 0.13184638911554977,
      "mce": 0.18999010324478144,
      "n_bins": 10,
      "bootstrap_level": "patient",
      "brier_score_bootstrap": {
        "mean": 0.22396992009964833,
        "ci_low": 0.2089938156446144,
        "ci_high": 0.2392397932129165
      },
      "ece_bootstrap": {
        "mean": 0.13457162761406805,
        "ci_low": 0.10806000197672912,
        "ci_high": 0.16133756148580614
      }
    },
    "Clinical Logistic": {
      "predictions_file": "artifacts\\models\\clinical_baseline_u_ignore_temporal_strong_v2\\test_predictions.csv",
      "n": 1075,
      "n_patients": 887,
      "positive_rate": 0.4530232558139535,
      "mean_pred_prob": 0.49049101122161404,
      "brier_score": 0.2422399144852579,
      "ece": 0.03746775540766057,
      "mce": 0.4888774142933826,
      "n_bins": 10,
      "bootstrap_level": "patient",
      "brier_score_bootstrap": {
        "mean": 0.24232917292913544,
        "ci_low": 0.23595316757042104,
        "ci_high": 0.249020027042658
      },
      "ece_bootstrap": {
        "mean": 0.044316795192843116,
        "ci_low": 0.022497452480586877,
        "ci_high": 0.071451646847089
      }
    },
    "Clinical XGBoost": {
      "predictions_file": "artifacts\\models\\clinical_xgb_u_ignore_temporal_strong_v2\\test_predictions.csv",
      "n": 1075,
      "n_patients": 887,
      "positive_rate": 0.4530232558139535,
      "mean_pred_prob": 0.4924128443162791,
      "brier_score": 0.2405105491123096,
      "ece": 0.04602061266976742,
      "mce": 0.28860111499999996,
      "n_bins": 10,
      "bootstrap_level": "patient",
      "brier_score_bootstrap": {
        "mean": 0.24057325682661507,
        "ci_low": 0.23629184270765427,
        "ci_high": 0.24478614521223518
      },
      "ece_bootstrap": {
        "mean": 0.04782588846591966,
        "ci_low": 0.020621634208176698,
        "ci_high": 0.07718190618141428
      }
    }
  }
}