{
  "input_rows": 9137,
  "train_rows": 7132,
  "validate_rows": 930,
  "test_rows": 1075,
  "scale_pos_weight": 1.1353293413173653,
  "best_iteration": 11,
  "best_score": 0.5573191559501292,
  "val_metrics": {
    "n": 930,
    "positive_rate": 0.4881720430107527,
    "auroc": 0.5578564024728834,
    "auprc": 0.5529752551082868,
    "accuracy": 0.5333333333333333,
    "f1": 0.5373134328358209
  },
  "test_metrics": {
    "n": 1075,
    "positive_rate": 0.4530232558139535,
    "auroc": 0.5407237843802819,
    "auprc": 0.49486378887081184,
    "accuracy": 0.5265116279069767,
    "f1": 0.5043816942551119
  }
}