{
  "input_rows": 16963,
  "train_rows": 13342,
  "validate_rows": 1677,
  "test_rows": 1944,
  "val_metrics": {
    "n": 1677,
    "positive_rate": 0.27072152653548004,
    "auroc": 0.5570751131938866,
    "auprc": 0.31627003200214465,
    "accuracy": 0.5360763267740012,
    "f1": 0.3978328173374613
  },
  "test_metrics": {
    "n": 1944,
    "positive_rate": 0.25051440329218105,
    "auroc": 0.5548601314337497,
    "auprc": 0.2901216845012047,
    "accuracy": 0.5627572016460906,
    "f1": 0.36661698956780925
  }
}