{
  "input_rows": 9137,
  "train_rows": 7132,
  "validate_rows": 930,
  "test_rows": 1075,
  "scale_pos_weight": 1.1353293413173653,
  "best_iteration": 58,
  "best_score": 0.6387993051822454,
  "val_metrics": {
    "n": 930,
    "positive_rate": 0.4881720430107527,
    "auroc": 0.6346435049790842,
    "auprc": 0.6381502834400834,
    "accuracy": 0.5946236559139785,
    "f1": 0.5797101449275363
  },
  "test_metrics": {
    "n": 1075,
    "positive_rate": 0.4530232558139535,
    "auroc": 0.619569696461747,
    "auprc": 0.5702968684907539,
    "accuracy": 0.5897674418604651,
    "f1": 0.544891640866873
  }
}