{
  "best_val_auprc": 0.7457386724523593,
  "best_epoch": 2,
  "epochs_completed": 10,
  "val_metrics": {
    "n": 930,
    "positive_rate": 0.4881720542907715,
    "auroc": 0.7381122052345168,
    "auprc": 0.7457386724523593,
    "accuracy": 0.6709677419354839,
    "f1": 0.6498855835240275,
    "loss": 0.6318489015102386
  },
  "test_metrics": {
    "n": 1075,
    "positive_rate": 0.4530232548713684,
    "auroc": 0.7362059813658524,
    "auprc": 0.7143120481776486,
    "accuracy": 0.6697674418604651,
    "f1": 0.6243386243386243,
    "loss": 0.6362389930907417
  },
  "output_dir": "artifacts\\models\\multimodal_pneumonia_densenet121_triage_u_ignore_temporal_stronger_lr_v3",
  "tabular_preprocessor_file": "artifacts\\models\\multimodal_pneumonia_densenet121_triage_u_ignore_temporal_stronger_lr_v3\\tabular_preprocessor.joblib"
}