{
  "input_rows": 9137,
  "train_rows": 7132,
  "validate_rows": 930,
  "test_rows": 1075,
  "scale_pos_weight": 1.1353293413173653,
  "best_iteration": 3,
  "best_score": 0.5649795872666,
  "val_metrics": {
    "n": 930,
    "positive_rate": 0.4881720430107527,
    "auroc": 0.5626989782697219,
    "auprc": 0.5508597039948895,
    "accuracy": 0.5516129032258065,
    "f1": 0.4957678355501814
  },
  "test_metrics": {
    "n": 1075,
    "positive_rate": 0.4530232558139535,
    "auroc": 0.5373713140286915,
    "auprc": 0.47586397105452666,
    "accuracy": 0.5302325581395348,
    "f1": 0.4700944386149003
  }
}