{
  "backbone": "vit_small_patch16_224",
  "seed": 42,
  "vit_image": {
    "n": 1075,
    "auroc": 0.7117573928955565,
    "auprc": 0.6747604848261294,
    "ece": 0.11407251649124678,
    "brier": 0.2275136262178421
  },
  "vit_fusion": {
    "n": 1075,
    "auroc": 0.6962592018326836,
    "auprc": 0.6536673043467529,
    "ece": 0.10837252598472459,
    "brier": 0.23297928273677826
  },
  "fusion_minus_image_auroc": -0.015498191062872868
}