{
  "input_rows": 16963,
  "train_rows": 13342,
  "validate_rows": 1677,
  "test_rows": 1944,
  "scale_pos_weight": 2.9946107784431137,
  "best_iteration": 8,
  "best_score": 0.3236593565963891,
  "val_metrics": {
    "n": 1677,
    "positive_rate": 0.27072152653548004,
    "auroc": 0.5462005756048713,
    "auprc": 0.325533866996389,
    "accuracy": 0.5366726296958855,
    "f1": 0.3818615751789976
  },
  "test_metrics": {
    "n": 1944,
    "positive_rate": 0.25051440329218105,
    "auroc": 0.5451336675315231,
    "auprc": 0.28880775237719647,
    "accuracy": 0.5576131687242798,
    "f1": 0.3484848484848485
  }
}