{
  "input_rows": 9137,
  "train_rows": 7132,
  "validate_rows": 930,
  "test_rows": 1075,
  "val_metrics": {
    "n": 930,
    "positive_rate": 0.4881720430107527,
    "auroc": 0.6254928182726835,
    "auprc": 0.6229575663873601,
    "accuracy": 0.6043010752688172,
    "f1": 0.5874439461883408
  },
  "test_metrics": {
    "n": 1075,
    "positive_rate": 0.4530232558139535,
    "auroc": 0.620065582701253,
    "auprc": 0.5514865899868562,
    "accuracy": 0.6009302325581395,
    "f1": 0.5581874356333677
  }
}