target,count,mean,std,min,25%,50%,75%,max
0,588.0,0.47258954826983324,0.10643867157516844,0.2601981067663539,0.3975200119445511,0.46174997059728534,0.5285996888940974,0.987588173786226
1,487.0,0.512105097906721,0.11571086321137954,0.2651851377072383,0.42858026766342794,0.5018995287502008,0.5808631615349962,0.9901666548005392
