n,threshold,prevalence,baseline_auprc,mean_pred_prob,std_pred_prob,auroc,auprc,accuracy,precision,recall,f1,predicted_positive_rate,tn,fp,fn,tp
1075,0.5,0.4530232558139535,0.4530232558139535,0.49049101122161404,0.11236665042331387,0.6062925170068028,0.5479741399318667,0.5767441860465117,0.5346320346320347,0.5071868583162218,0.5205479452054794,0.4297674418604651,373,215,240,247
