{
  "input_rows": 9137,
  "train_rows": 7132,
  "validate_rows": 930,
  "test_rows": 1075,
  "val_metrics": {
    "n": 930,
    "positive_rate": 0.4881720430107527,
    "auroc": 0.5536315847925073,
    "auprc": 0.544120928603861,
    "accuracy": 0.5344086021505376,
    "f1": 0.5408271474019088
  },
  "test_metrics": {
    "n": 1075,
    "positive_rate": 0.4530232558139535,
    "auroc": 0.5290268057941863,
    "auprc": 0.4850344179064703,
    "accuracy": 0.5227906976744187,
    "f1": 0.4995121951219512
  }
}